STT,Tên File,Link Chia Sẻ,Loại File
1,Ngay001-P💎 0. KHAI GIẢNG - LỊCH HỌC VÀ LƯU Ý - 6 BUỔI-2392025 - Thông báo nội dung chi tiết lịch học các môn,https://docs.google.com/document/d/1yRcTslxX1RXzcjVsb6ChJ47yO7eWIgSX6mpa8_V0ClQ/edit?usp=drivesdk,application/vnd.google-apps.document
2,Ngay002-P💎 0. KHAI GIẢNG - LỊCH HỌC VÀ LƯU Ý - 6 BUỔI-2492025 - Thông báo nội dung chi tiết lịch học các môn,https://docs.google.com/document/d/1KU6ay1RZUDdXBfMuKfMJxCSUK2VfxFxae7fbQMQYEIM/edit?usp=drivesdk,application/vnd.google-apps.document
3,Ngay003-P💎 0. KHAI GIẢNG - LỊCH HỌC VÀ LƯU Ý - 6 BUỔI-2592025 - Thông báo nội dung chi tiết lịch học các môn,https://docs.google.com/document/d/1Mdh5oR6nqdNAURNb5TZ4sMBGOqWWEbQNHpwto5DR0l4/edit?usp=drivesdk,application/vnd.google-apps.document
4,Ngay004-P💎 0. KHAI GIẢNG - LỊCH HỌC VÀ LƯU Ý - 6 BUỔI-2692025 - Thông báo nội dung chi tiết lịch học các môn,https://docs.google.com/document/d/1XD4enC5Jp-ZFrzkczRcXbMVjr6P_BD8gtDJZWBeQVeo/edit?usp=drivesdk,application/vnd.google-apps.document
5,Ngay005-P💎 1. NÂNG TẦM NHẬN THỨC TƯ DUY - 11 BUỔI-2792025 - Thông báo nội dung chi tiết lịch học các môn,https://docs.google.com/document/d/19C-SVVFOUEjBjMPqgNRJTLJuvyDKOAhuH1ILG67kjDY/edit?usp=drivesdk,application/vnd.google-apps.document
6,Ngay006-P💎 1. NÂNG TẦM NHẬN THỨC TƯ DUY - 11 BUỔI-2992025 - Nhận thức đủ đầy,https://docs.google.com/document/d/1ecj8dy0IFqFDDBn9lf4n7BzHFCDjYRCyNyRsKfDxBm0/edit?usp=drivesdk,application/vnd.google-apps.document
7,Ngay007-P💎 1. NÂNG TẦM NHẬN THỨC TƯ DUY - 11 BUỔI-3092025 - Nguyên lý ánh sáng và nguyên lý kích hoạt não,https://docs.google.com/document/d/1--QFMZbHgdHZYxEMh2EBtHsBgczQKEU68oMM1PnJer4/edit?usp=drivesdk,application/vnd.google-apps.document
8,Ngay008-P💎 1. NÂNG TẦM NHẬN THỨC TƯ DUY - 11 BUỔI-1102025 - Nguyên lý nghi vấn thuận chiều mong muốn,https://docs.google.com/document/d/1XyMDGm11qDs9kQvyucf3fVs8zgMFerdTczf_W4OEyEo/edit?usp=drivesdk,application/vnd.google-apps.document
9,Ngay009-P💎 1. NÂNG TẦM NHẬN THỨC TƯ DUY - 11 BUỔI-2102025 - Nguyên lý hình ảnh tâm trí,https://docs.google.com/document/d/1U_osOihQoRvj5jo_b_imGKlkFu-OyqwTJpfr3AUvzFg/edit?usp=drivesdk,application/vnd.google-apps.document
10,Ngay010-P💎 1. NÂNG TẦM NHẬN THỨC TƯ DUY - 11 BUỔI-3102025 - Nguyên lý vận hành tiềm thức,https://docs.google.com/document/d/1Y5hpL5QyqNCVkG8ZG5_WjBN6R0k2YKdzrx-Srr3gPLY/edit?usp=drivesdk,application/vnd.google-apps.document
11,Ngay011-P💎 1. NÂNG TẦM NHẬN THỨC TƯ DUY - 11 BUỔI-4102025 - Nguyên lý vận hành tâm thức,https://docs.google.com/document/d/1xWwazSbhkOFQLYEozJQCJ5JcGlhrKHGvN2p1RzuIka4/edit?usp=drivesdk,application/vnd.google-apps.document
12,Ngay012-P💎 1. NÂNG TẦM NHẬN THỨC TƯ DUY - 11 BUỔI-6102025 - Nguyên lý vận hành hiện thực,https://docs.google.com/document/d/1h-dgCo83Qw65J3cIXBcO1N6vmS9QKdhxh4SpAXNp9RU/edit?usp=drivesdk,application/vnd.google-apps.document
13,Ngay013-P💎 1. NÂNG TẦM NHẬN THỨC TƯ DUY - 11 BUỔI-7102025 - Quy luật nhân duyên - Quy luật nhân quả,https://docs.google.com/document/d/1h0b9D2UPj6r8XitiLCQyyoRvcJ7GaWS_mDuD17ygwng/edit?usp=drivesdk,application/vnd.google-apps.document
14,Ngay014-P💎 1. NÂNG TẦM NHẬN THỨC TƯ DUY - 11 BUỔI-8102025 - Tổng nghiệp thức - duyên - quả,https://docs.google.com/document/d/1b4JMuYcthycJgqP92JgOgn1otYcdOgMKKVVXT4a3SCs/edit?usp=drivesdk,application/vnd.google-apps.document
15,Ngay015-P💎 1. NÂNG TẦM NHẬN THỨC TƯ DUY - 11 BUỔI-9102025 - Quan niệm trong tư duy,https://docs.google.com/document/d/1nWvjmTFuaQ3QhX9Yuk-CYgBHVMPWriyQItQU7_uGwrk/edit?usp=drivesdk,application/vnd.google-apps.document
16,Ngay016-P💎 2. QUẢ NHƯ Ý - 10 BUỔI-10102025 - Tâm thái - Nguyên tắc trong tư duy,https://docs.google.com/document/d/18uXDW-A1_jOGYVAzfrniYoL-pKDhKLGZk_a3egeBULw/edit?usp=drivesdk,application/vnd.google-apps.document
17,Ngay017-P💎 2. QUẢ NHƯ Ý - 10 BUỔI-13102025 - Nhận thức đủ đầy,https://docs.google.com/document/d/1vncZhfwZE8UTqDj3dtqiJclxVxrpnGoTK0o93N2Y87s/edit?usp=drivesdk,application/vnd.google-apps.document
18,Ngay018-P💎 2. QUẢ NHƯ Ý - 10 BUỔI-14102025 - Tiêu chí của nghề ước mơ,https://docs.google.com/document/d/1Sr5C_LjCM4ZLDipzw7GKFk4v-a3XaNeHKC_rmacSs0A/edit?usp=drivesdk,application/vnd.google-apps.document
19,Ngay019-P💎 2. QUẢ NHƯ Ý - 10 BUỔI-15102025 - Làm sao để trở thành nhân tài trong nghề của chúng ta,https://docs.google.com/document/d/15DqB2g2-NNFMu4VfiWgbAXbGF-X4DcuEUFU0xrtwsJE/edit?usp=drivesdk,application/vnd.google-apps.document
20,Ngay020-P💎 2. QUẢ NHƯ Ý - 10 BUỔI-16102025 - Cuộc sống ước mơ lục lộc đại thuận,https://docs.google.com/document/d/1oRWB46K9kNsORD6TRGJJGaeHVaAngudmlQpe3JC8ANw/edit?usp=drivesdk,application/vnd.google-apps.document
21,Ngay021-P💎 2. QUẢ NHƯ Ý - 10 BUỔI-17102025 - Tự do thời gian - tự do tài chính,https://docs.google.com/document/d/111Eq_sS38_gMFEScjLn6tTHokB0JL-KsoxKMryLV-kY/edit?usp=drivesdk,application/vnd.google-apps.document
22,Ngay022-P💎 2. QUẢ NHƯ Ý - 10 BUỔI-20102025 - Hôn nhân hòa hợp - Chu du thế giới,https://docs.google.com/document/d/1tPoIQrcxUPhQtJlk4AWQRFLseSNLW39Hw-67rnPq26o/edit?usp=drivesdk,application/vnd.google-apps.document
23,Ngay023-P💎 2. QUẢ NHƯ Ý - 10 BUỔI-21102025 - 5 cấp độ mối quan hệ - Sức khỏe là số 1,https://docs.google.com/document/d/1SfZhJFggw4v0_Q1uTcsFtbElNcX7TpP0-lHBQ7d2j2I/edit?usp=drivesdk,application/vnd.google-apps.document
24,Ngay024-P💎 2. QUẢ NHƯ Ý - 10 BUỔI-22102025 - Chất lượng cuộc sống - Cảnh giới cuộc sống - Trạng thái sống - Mức độ phát triển,https://docs.google.com/document/d/1DHvnTGfGuooo14s4eUd-AixMCtqa6VFKum_ie7PtXug/edit?usp=drivesdk,application/vnd.google-apps.document
25,Ngay025-P💎 2. QUẢ NHƯ Ý - 10 BUỔI-23102025 - Trưởng thành tận cùng,https://docs.google.com/document/d/1S0A5EMTWw1v9_cGYWuUOyDZEmwUyaW8q3IRAaQlz98U/edit?usp=drivesdk,application/vnd.google-apps.document
26,Ngay026-P💎 2. QUẢ NHƯ Ý - 10 BUỔI-24102025 - Lộ trình nâng cao cảnh giới cuộc sống,https://docs.google.com/document/d/1T02RR4dI0Xz8j9pnR4jXM6BWIi4Xgv1M6Sxtq9ziC44/edit?usp=drivesdk,application/vnd.google-apps.document
27,Ngay027-P💎 3. 3 HỆ QUY CHIẾU - 10 BUỔI-25102025 - Thông báo từ cô Lê Quế Minh,https://docs.google.com/document/d/1CLaLj6ygmqQsXwDz-iI7LkeEEe5CHA22Dcvur5D1u00/edit?usp=drivesdk,application/vnd.google-apps.document
28,Ngay028-P💎 3. 3 HỆ QUY CHIẾU - 10 BUỔI-27102025 - Tam giác hiện thực,https://docs.google.com/document/d/18sKcHgb9TKXmDxXC5RsZztMl72A4cDxB8oZyHhZJuY8/edit?usp=drivesdk,application/vnd.google-apps.document
29,Ngay029-P💎 3. 3 HỆ QUY CHIẾU - 10 BUỔI-28102025 - Tam giác hiện thực của hạnh phúc - thành công,https://docs.google.com/document/d/14brWY1gzBWa_Rq8_B64sk8j1gbqw67ju1uCy4-o0gmM/edit?usp=drivesdk,application/vnd.google-apps.document
30,Ngay030-P💎 3. 3 HỆ QUY CHIẾU - 10 BUỔI-29102025 - Tam giác hiện thực,https://docs.google.com/document/d/1JP7ow0Ztl397hEl1WHJ126mK0ZERnlWzyL9qazCUDIo/edit?usp=drivesdk,application/vnd.google-apps.document
31,Ngay031-P💎 3. 3 HỆ QUY CHIẾU - 10 BUỔI-30102025 - Tam giác hiện thực,https://docs.google.com/document/d/12TySSY0m-KQrwZVgrpW4jA3SHoDTIEU6On7GVxAL0Dc/edit?usp=drivesdk,application/vnd.google-apps.document
32,Ngay032-P💎 3. 3 HỆ QUY CHIẾU - 10 BUỔI-31102025 - Công thức cội nguồn cuộc sống,https://docs.google.com/document/d/1fKJeMcNKIoN94kLYUs35vBkhmsi8mYgkIHV-8smkda8/edit?usp=drivesdk,application/vnd.google-apps.document
33,Ngay033-P💎 3. 3 HỆ QUY CHIẾU - 10 BUỔI-3112025 - Công thức cội nguồn cuộc sống,https://docs.google.com/document/d/1EwNUg1DHQ5vOfY2dg0lBnyLwZidP-A633nxuFPFGMKE/edit?usp=drivesdk,application/vnd.google-apps.document
34,Ngay034-P💎 3. 3 HỆ QUY CHIẾU - 10 BUỔI-4112025 - Cấu trúc con người,https://docs.google.com/document/d/1uEpGA-xxlMkLPJhQT_uSIbMandCwhMtlFnv_WhrG-tY/edit?usp=drivesdk,application/vnd.google-apps.document
35,Ngay035-P💎 3. 3 HỆ QUY CHIẾU - 10 BUỔI-5112025 - Cấu trúc con người,https://docs.google.com/document/d/1zwWUrUMNfFMcr3MSvqAHkwj871Kx4Cq_IKpWbpj_xFw/edit?usp=drivesdk,application/vnd.google-apps.document
36,Ngay036-P💎 3. 3 HỆ QUY CHIẾU - 10 BUỔI-6112025 - Quy luật âm dương trong cấu trúc con người,https://docs.google.com/document/d/14DC8U_nCd5Bw2QoqzypXa8nRNQRTgd9VZaUNuF8Wv4U/edit?usp=drivesdk,application/vnd.google-apps.document
37,Ngay037-P💎 3. 3 HỆ QUY CHIẾU - 10 BUỔI-7112025 - Tổng nghiệp - Công đức - phước đức,https://docs.google.com/document/d/1xltYiIui2d9WHnVh_wcE967fd1ni5Ns2yUlEKFmddIk/edit?usp=drivesdk,application/vnd.google-apps.document
38,Ngay028-P💎 4. PHƯƠNG PHÁP HỌC TẬP - 5 BUỔI-27102025 - Phương pháp học tập,https://docs.google.com/document/d/1S4bMQIXr9UnZjcUN9IuIu_De2gqLm3KPY81zS2RVrRo/edit?usp=drivesdk,application/vnd.google-apps.document
39,Ngay029-P💎 4. PHƯƠNG PHÁP HỌC TẬP - 5 BUỔI-28102025 - Phương pháp gia tốc,https://docs.google.com/document/d/1jDLZjmTFa7rLuciZT5y54nrp6Nz9aqS9iLfLS3j-ReI/edit?usp=drivesdk,application/vnd.google-apps.document
40,Ngay030-P💎 4. PHƯƠNG PHÁP HỌC TẬP - 5 BUỔI-29102025 - Phương pháp gia tốc,https://docs.google.com/document/d/12UVkdnlS18TiDxL3ygHPWSZQEX39-TaGNzg2-JW_kCw/edit?usp=drivesdk,application/vnd.google-apps.document
41,Ngay031-P💎 4. PHƯƠNG PHÁP HỌC TẬP - 5 BUỔI-30102025 - Cách làm bài tiểu luận,https://docs.google.com/document/d/174VkRN8byOGeOkx5XkRje5ILXnRoOwSDViYW5_Pi5i4/edit?usp=drivesdk,application/vnd.google-apps.document
42,Ngay038-P💎 4. PHƯƠNG PHÁP HỌC TẬP - 5 BUỔI-8112025 - Thông báo của thầy Công Danh giải Chạy Về Thanh Xuân,https://docs.google.com/document/d/1UqxyJVVF90GfviIgTukyV3nJimwFS0Ul99M6me75ujA/edit?usp=drivesdk,application/vnd.google-apps.document
43,Ngay032-P💎 5. LÀM GIÀU TRÍ TUỆ VÀ TÂM THÁI - 10 BUỔI-31102025 - Phương pháp gia tốc,https://docs.google.com/document/d/1upbXg57maB6vTy-whBRL89Pn_NOdmOybyNygb5cZ2Zk/edit?usp=drivesdk,application/vnd.google-apps.document
44,Ngay039-P💎 5. LÀM GIÀU TRÍ TUỆ VÀ TÂM THÁI - 10 BUỔI-10112025 - Làm giàu trí tuệ - tâm thái,https://docs.google.com/document/d/11aDoF716OgdJfo8tSP6S9-8dobghARbB0cxvKH_gI5Q/edit?usp=drivesdk,application/vnd.google-apps.document
45,Ngay040-P💎 5. LÀM GIÀU TRÍ TUỆ VÀ TÂM THÁI - 10 BUỔI-11112025 - Các tầng bậc trí tuệ,https://docs.google.com/document/d/12Lu4VUJfBXrTPNllX3l8CxPCgdUZ3ObUqDt4Kqt1WEA/edit?usp=drivesdk,application/vnd.google-apps.document
46,Ngay041-P💎 5. LÀM GIÀU TRÍ TUỆ VÀ TÂM THÁI - 10 BUỔI-12112025 - Các tầng bậc trí tuệ - Trí tuệ bậc 1,https://docs.google.com/document/d/1VhUzMzAa-Yx5LADjE1P_YEPshfWyUCjbVjOhCA6SYFA/edit?usp=drivesdk,application/vnd.google-apps.document
47,Ngay042-P💎 5. LÀM GIÀU TRÍ TUỆ VÀ TÂM THÁI - 10 BUỔI-13112025 - Các tầng bậc trí tuệ - Trí tuệ bậc 2,https://docs.google.com/document/d/11LqLiv7Oei7oYfuy75kgCRavve-5l_oDBI9IJGFUue4/edit?usp=drivesdk,application/vnd.google-apps.document
48,Ngay043-P💎 5. LÀM GIÀU TRÍ TUỆ VÀ TÂM THÁI - 10 BUỔI-14112025 - Trí tuệ bậc 3 - Tánh không - Tính không,https://docs.google.com/document/d/12lw2qWyD4wMg5s_5036nLzIzbZZFwinqag0o74i53tQ/edit?usp=drivesdk,application/vnd.google-apps.document
49,Ngay044-P💎 5. LÀM GIÀU TRÍ TUỆ VÀ TÂM THÁI - 10 BUỔI-17112025 - Trí tuệ bậc 3,https://docs.google.com/document/d/1q1L__EqY2DBeRCk-9JGQH41XaFtBK_CQS49RZ9Fxavw/edit?usp=drivesdk,application/vnd.google-apps.document
50,Ngay045-P💎 5. LÀM GIÀU TRÍ TUỆ VÀ TÂM THÁI - 10 BUỔI-18112025 - An vui - Tâm thái an vui,https://docs.google.com/document/d/1wxKnVUzCmgpZoHBC8kr8dQQpjuRWQiKRC_0rttNEbz4/edit?usp=drivesdk,application/vnd.google-apps.document
51,Ngay046-P💎 5. LÀM GIÀU TRÍ TUỆ VÀ TÂM THÁI - 10 BUỔI-19112025 - Bao dung,https://docs.google.com/document/d/1QQDoaSurtiwcjaieivkGJbFSEzeYEYbz-xxoWc27eVo/edit?usp=drivesdk,application/vnd.google-apps.document
52,Ngay047-P💎 5. LÀM GIÀU TRÍ TUỆ VÀ TÂM THÁI - 10 BUỔI-20112025 - Trân trọng biết ơn,https://docs.google.com/document/d/11fbBZSVG-hmLQJBj-6V3ExxKYOyi7aUltbav6qB8qkE/edit?usp=drivesdk,application/vnd.google-apps.document
53,Ngay048-P💎 6. QUY LUẬT NHÂN DUYÊN QUẢ - 5 BUỔI-21112025 - Tam giác hiện thực của trí tuệ,https://docs.google.com/document/d/1uAESlbRx-1KImBPQkpz0jIFUeNw76DfS_fvRdF-rvfg/edit?usp=drivesdk,application/vnd.google-apps.document
54,Ngay049-P💎 6. QUY LUẬT NHÂN DUYÊN QUẢ - 5 BUỔI-24112025 - Quy luật nhân duyên quả,https://docs.google.com/document/d/1NAFFWkDBj76eETzXAq7FuiIOMnKg9fGg0fOxc8GsBNQ/edit?usp=drivesdk,application/vnd.google-apps.document
55,Ngay050-P💎 6. QUY LUẬT NHÂN DUYÊN QUẢ - 5 BUỔI-25112025 - Đồ hình hiện thực nhân sinh - Công thức cội nguồn cuộc sống,https://docs.google.com/document/d/1MzCAzdlLbE7UFia7_RL8Foeg3ncvm9Zg7TrfZpMHxTU/edit?usp=drivesdk,application/vnd.google-apps.document
56,Ngay051-P💎 6. QUY LUẬT NHÂN DUYÊN QUẢ - 5 BUỔI-26112025 - Cấu trúc con người - Tần số rung động năng lượng - Vật chất - Không gian - Thời gian,https://docs.google.com/document/d/1vG8iuHWlwkvaoyIsnQgajA_yMncuOK99Jlv_fDrBWfc/edit?usp=drivesdk,application/vnd.google-apps.document
57,Ngay052-P💎 6. QUY LUẬT NHÂN DUYÊN QUẢ - 5 BUỔI-27112025 - Ác đức - Phước đức - Công đức,https://docs.google.com/document/d/1SVK_chbWT2a3skCDMQ3BECsu1AmMsxGzYBV-gEoLtsw/edit?usp=drivesdk,application/vnd.google-apps.document
58,Ngay053-P💎 7. KIỆN TOÀN NHÂN CÁCH - 5 BUỔI-28112025 - Tam giác hiện thực,https://docs.google.com/document/d/1V3U0hxrN-eyajv1PLOdAPHV4mjLazdqSOjn1zV98J7k/edit?usp=drivesdk,application/vnd.google-apps.document
59,Ngay054-P💎 7. KIỆN TOÀN NHÂN CÁCH - 5 BUỔI-01122025 - Nhân cách - Nhân tốt,https://docs.google.com/document/d/1sVqkjWJ7Yh-JYezA3larBaZpqhnfcIeXpg_dl8FhEao/edit?usp=drivesdk,application/vnd.google-apps.document
60,Ngay055-P💎 7. KIỆN TOÀN NHÂN CÁCH - 5 BUỔI-02122025 - 9 nhân cách kiện toàn - Giàu nhân cách,https://docs.google.com/document/d/1KguStSk7OfmV1EAF2u6mcAr_B0YCQ8T5aKoJvqXEw6U/edit?usp=drivesdk,application/vnd.google-apps.document
61,Ngay056-P💎 7. KIỆN TOÀN NHÂN CÁCH - 5 BUỔI-03122025 - Nhân cách vui vẻ - Niềm tin,https://docs.google.com/document/d/19Q7M41ifyRn647rYjmWcgjsYL6U_9CkAxqUWhjkl6lI/edit?usp=drivesdk,application/vnd.google-apps.document
62,Ngay057-P💎 7. KIỆN TOÀN NHÂN CÁCH - 5 BUỔI-04122025 - Nhân cách hy vọng - Trí tuệ - Bao dung - Trân trọng biết ơn - Yêu thương,https://docs.google.com/document/d/19P_RDrfgoJDC7Gu5Agam32IBEYHvGSSDbOdPDWBOoZQ/edit?usp=drivesdk,application/vnd.google-apps.document
63,Ngay058-P💎 7. KIỆN TOÀN NHÂN CÁCH - 5 BUỔI-05122025 - Nhân cách khiêm tốn - Chân thật,https://docs.google.com/document/d/1CO3uyu4kY46K-avS2_ahoyFYszJZTSnQ-C5XQsSd5iU/edit?usp=drivesdk,application/vnd.google-apps.document
64,Ngay059-P💎 8. PHẨM CHẤT ƯU TÚ - 10 BUỔI-06122025 - Cô Minh dặn dò thi cử,https://docs.google.com/document/d/1pWc1rKWiyXywWu-PA79YARotBdlXoWjgOc3PYzJOLIE/edit?usp=drivesdk,application/vnd.google-apps.document
65,Ngay060-P💎 8. PHẨM CHẤT ƯU TÚ - 10 BUỔI-08122025 - 5 phẩm chất ưu tú - Cô Hannah Nguyễn Hoàng Anh,https://docs.google.com/document/d/13EM_qN1STJCig5fQuvYkHw-Bq7lWpy4VWiZzinziO1M/edit?usp=drivesdk,application/vnd.google-apps.document
66,"Ngay061-P💎 8. PHẨM CHẤT ƯU TÚ - 10 BUỔI-09122025 - Nhân yêu thương sinh hóa ra lễ, nghĩa, trí, tín - 5 phẩm chất ưu tú - Cô Hannah Nguyễn Ho",https://docs.google.com/document/d/1cDsuArOxJdzRZOBzwOjw840j_EXIgmH0mzXtg7JRKrU/edit?usp=drivesdk,application/vnd.google-apps.document
67,Ngay062-P💎 8. PHẨM CHẤT ƯU TÚ - 10 BUỔI-10122025 - YÊU THƯƠNG khác LUYẾN ÁI - TAM GIÁC HIỆN THỰC CỦA YÊU THƯƠNG - Cô Hannah Nguyễn Hoàng Anh,https://docs.google.com/document/d/18Rls6Q3GCA2jJzfqega5TI8Q7wQqXvTJNvUIFQL777Q/edit?usp=drivesdk,application/vnd.google-apps.document
68,Ngay063-P💎 8. PHẨM CHẤT ƯU TÚ - 10 BUỔI-11122025 - 4 tầng bậc của yêu thương - Tầng bậc 1 yêu thương có điều kiện - Cô Diệu Hiền lên lớp vì,https://docs.google.com/document/d/1gg-_wxzlf8qPNtRYAHngZ6DMEJoEcX6hyhmNB5tP0Bk/edit?usp=drivesdk,application/vnd.google-apps.document
69,"Ngay064-P💎 8. PHẨM CHẤT ƯU TÚ - 10 BUỔI-12122025 - 4 tầng bậc của yêu thương - 3 tầng bậc còn lại 2,3,4 - Cô Hannah Nguyễn Hoàng Anh",https://docs.google.com/document/d/1fT4SMjjkss-cdmI0CfUlDFu4MMxwM0_tLBTF6aSNbIU/edit?usp=drivesdk,application/vnd.google-apps.document
70,Ngay065-P💎 8. PHẨM CHẤT ƯU TÚ - 10 BUỔI-13122025 - Thầy Thắng dặn dò bơi lội,https://docs.google.com/document/d/1cO1NJFMCbZ6G5aSLP9nbIv9rsU4dXNSjERO9L_-FcWQ/edit?usp=drivesdk,application/vnd.google-apps.document
71,Ngay067-P💎 8. PHẨM CHẤT ƯU TÚ - 10 BUỔI-16122025 - Phẩm chất trí - Cô Hannah Nguyễn Hoàng Anh,https://docs.google.com/document/d/1Jnb51w1zzHTxQcMOzLk1-Gf5sQMURSjJ48p8eOZr7iE/edit?usp=drivesdk,application/vnd.google-apps.document
72,Ngay066-P💎 8. PHẨM CHẤT ƯU TÚ - 10 BUỔI-15122025 - TIỀN ĐỂ LÀM GÌ - Cô Hannah Nguyễn Hoàng Anh,https://docs.google.com/document/d/1LATuOigA72T_Emi2O_D-mI_tXZgAI4RISy-2TmSP_cs/edit?usp=drivesdk,application/vnd.google-apps.document
73,Ngay068-P💎 8. PHẨM CHẤT ƯU TÚ - 10 BUỔI-17122025 - Phẩm chất lễ - Cô Hannah Nguyễn Hoàng Anh,https://docs.google.com/document/d/10X2hDDtO0CiBGi5jErCbgKGUrCgy-8lkC_6yQB6zfMo/edit?usp=drivesdk,application/vnd.google-apps.document
74,Ngay069-P💎 8. PHẨM CHẤT ƯU TÚ - 10 BUỔI-18122025 - Phẩm chất nghĩa - Cô Lê Quế Minh,https://docs.google.com/document/d/1e7ibLnEKTXVU82hV54kkONYsHDTxHvgTl4kbO6g4V6g/edit?usp=drivesdk,application/vnd.google-apps.document
75,Ngay070-P💎 8. PHẨM CHẤT ƯU TÚ - 10 BUỔI-19122025 - Phẩm chất tín - Cô Lê Quế Minh,https://docs.google.com/document/d/1ytqjZxBKvh9rmgFSuqHTLZgX3qSrP5Eq9-jX0GyML7U/edit?usp=drivesdk,application/vnd.google-apps.document
76,Ngay060-P💎 9. THẤU HIỂU SẮC ĐẸP - KIẾN TẠO AN VUI - 10 BUỔI-08122025 - Sức khỏe sắc đẹp,https://docs.google.com/document/d/1mt2RhohIHt5jbo3l8ASb1tk9BprZoLURl1Tg4yob2X0/edit?usp=drivesdk,application/vnd.google-apps.document
77,Ngay061-P💎 9. THẤU HIỂU SẮC ĐẸP - KIẾN TẠO AN VUI - 10 BUỔI-09122025 - Tiêu chuẩn sắc đẹp,https://docs.google.com/document/d/1eKkDwuentnwNFxxgW1J8q-07TB2QzG87jdlvTTILZEo/edit?usp=drivesdk,application/vnd.google-apps.document
78,Ngay062-P💎 9. THẤU HIỂU SẮC ĐẸP - KIẾN TẠO AN VUI - 10 BUỔI-10122025 - Vai trò của nam - nữ - Làm giàu từng khía cạnh khác nhau,https://docs.google.com/document/d/1FARPjiHhUN8ARbOUDTl4X_2prSinvtGcU7PJzQ4tWOg/edit?usp=drivesdk,application/vnd.google-apps.document
79,Ngay063-P💎 9. THẤU HIỂU SẮC ĐẸP - KIẾN TẠO AN VUI - 10 BUỔI-11122025 - Vẻ bề ngoài Thân - Diện - Thân cho nam và nữ,https://docs.google.com/document/d/1PxP2muKi5Nx4ViJoTXEPpyi2FJ3pFJBN3QDg-oAhtl8/edit?usp=drivesdk,application/vnd.google-apps.document
80,Ngay064-P💎 9. THẤU HIỂU SẮC ĐẸP - KIẾN TẠO AN VUI - 10 BUỔI-12122025 - Diện,https://docs.google.com/document/d/1vp4aqWMkHl3pPb7tkNDXCWDyhdH-VbhKi_7aPnRz3hM/edit?usp=drivesdk,application/vnd.google-apps.document
81,Ngay066-P💎 9. THẤU HIỂU SẮC ĐẸP - KIẾN TẠO AN VUI - 10 BUỔI-15122025 - 7 quan niệm chuẩn về sắc đẹp - Quan niệm 1 Sắc đẹp là ưu tiên hàng đầu - Ngày 1312 không,https://docs.google.com/document/d/1qD7zQlfQDUu0oZ5PifeQOtLP6tgghg3vkb5s8pC891E/edit?usp=drivesdk,application/vnd.google-apps.document
82,Ngay067-P💎 9. THẤU HIỂU SẮC ĐẸP - KIẾN TẠO AN VUI - 10 BUỔI-16122025 - 7 quan niệm chuẩn về sắc đẹp - Quan niệm 2 và 3 - Thứ tự ưu tiên các công việc quan trọng,https://docs.google.com/document/d/1Syxt-_6AKB7PLRjrpCG1rH1cdIofYiHu0nfuZo6MG1Y/edit?usp=drivesdk,application/vnd.google-apps.document
83,Ngay068-P💎 9. THẤU HIỂU SẮC ĐẸP - KIẾN TẠO AN VUI - 10 BUỔI-17122025 - QUAN NIỆM SỐ 4 - TỰ MÌNH LÀM ĐẸP - ĐẸP TRỌN ĐỜI,https://docs.google.com/document/d/1BbfQa0MzOgcn_8yn7-lURzs9FQe0mq-ZNTniHeIoPVI/edit?usp=drivesdk,application/vnd.google-apps.document
84,Ngay069-P💎 9. THẤU HIỂU SẮC ĐẸP - KIẾN TẠO AN VUI - 10 BUỔI-18122025 - QUAN NIỆM SỐ 5,https://docs.google.com/document/d/1eJYuI66JSR76i3steV_MIlmerDToSmU9Me91K9etcPI/edit?usp=drivesdk,application/vnd.google-apps.document
85,Ngay070-P💎 10. TƯ VẤN HUẤN LUYỆN - 1 BUỔI-19122025 - NĂNG LỰC LÀM ĐẸP,https://docs.google.com/document/d/1W6eWlThJpSJJP7HluIXuuDQcLOe8VJSjxg9jHfQ-ndk/edit?usp=drivesdk,application/vnd.google-apps.document
86,Ngay071-P💎 9. THẤU HIỂU SẮC ĐẸP - KIẾN TẠO AN VUI - 10 BUỔI-20122025 - Tổng kết học phần phẩm chất - 1 số lưu ý trọng điểm khi thi cử - Cô Lê Quế Minh,https://docs.google.com/document/d/1zWVJ50cHu73JO0Ie-x4jpciFg4tDFZtrNSfJIkTM2Lk/edit?usp=drivesdk,application/vnd.google-apps.document
87,Ngay065-P💎 11. QUY LUẬT TỰ NHIÊN VÀ XÃ HỘI - 10 BUỔI-13122025 - Tư vấn huấn luyện - Thầy Nhật Anh giao lưu cả ngày,https://docs.google.com/document/d/1EFqcVsLjf07DlIQk4ikJyXJ4EjheLhkpzwpryGQNeeU/edit?usp=drivesdk,application/vnd.google-apps.document
88,Ngay072-P💎 11. QUY LUẬT TỰ NHIÊN VÀ XÃ HỘI - 10 BUỔI-22122025 - Quy luật tâm thức - Cô Nguyễn Thị Bích Nga,https://docs.google.com/document/d/15cxlf1PlgoHqY57zAVNyPz2AisewW41ZDybONWNQH3I/edit?usp=drivesdk,application/vnd.google-apps.document
89,Ngay073-P💎 11. QUY LUẬT TỰ NHIÊN VÀ XÃ HỘI - 10 BUỔI-23122025 - Quy luật tâm thức - Cô Nguyễn Thị Bích Nga,https://docs.google.com/document/d/1SgSMCG3L-ZGMgeng4O720SS-F6OnU6UXW42PG5KCIr8/edit?usp=drivesdk,application/vnd.google-apps.document
90,Ngay074-P💎 11. QUY LUẬT TỰ NHIÊN VÀ XÃ HỘI - 10 BUỔI-24122025 - Quy luật thu hút - Ảnh hưởng - Giá trị - Chuyển hóa - Cô Nguyễn Thị Bích Nga,https://docs.google.com/document/d/1Kv-MQahpS6TELczgpvzauHe8cQvzb1_W_wHwpD7_LPc/edit?usp=drivesdk,application/vnd.google-apps.document
91,Ngay075-P💎 11. QUY LUẬT TỰ NHIÊN VÀ XÃ HỘI - 10 BUỔI-25122025 - 7 bố thí - 15 khái niệm nguồn - Cô Nguyễn Thị Bích Nga,https://docs.google.com/document/d/1i13pnCQloIsyuSBIBr20w0gr4B8L_RG_Al0bujq5j4Q/edit?usp=drivesdk,application/vnd.google-apps.document
92,Ngay076-P💎 11. QUY LUẬT TỰ NHIÊN VÀ XÃ HỘI - 10 BUỔI-26122025 - Quy luật thành - trụ - hoại - diệt - Tâm thái thuở ban đầu - Cô Nguyễn Thị Bích Nga,https://docs.google.com/document/d/1-JQFMgccLIu8QYTkLfRVRk1ozrIsNKLJ-Hl8M95XisE/edit?usp=drivesdk,application/vnd.google-apps.document
93,Ngay077-P💎 11. QUY LUẬT TỰ NHIÊN VÀ XÃ HỘI - 10 BUỔI-29122025 - Quy luật bù đắp - Thầy Phạm Ngọc Tuấn Anh,https://docs.google.com/document/d/1RikdDTAC30uI6PLsURACY44JjWuCvftG8afQYmDbhxE/edit?usp=drivesdk,application/vnd.google-apps.document
94,Ngay078-P💎 11. QUY LUẬT TỰ NHIÊN VÀ XÃ HỘI - 10 BUỔI-30122025 - Tâm thái người cho đi - Thầy Phạm Ngọc Tuấn Anh,https://docs.google.com/document/d/13ZOltAOliBq4gji_msaiDsq7-qFkFnfG5PT_86PQ0xY/edit?usp=drivesdk,application/vnd.google-apps.document
95,Ngay079-P💎 11. QUY LUẬT TỰ NHIÊN VÀ XÃ HỘI - 10 BUỔI-31122025 - Quy luật cung - cầu - Thầy Phạm Ngọc Tuấn Anh,https://docs.google.com/document/d/1eozSbfqFENg9hX37N28zaej6sryAxSEYvvud0Scrm20/edit?usp=drivesdk,application/vnd.google-apps.document
96,Ngay080-P💎 11. QUY LUẬT TỰ NHIÊN VÀ XÃ HỘI - 10 BUỔI-112026 - Quy luật trả giá - Thầy Phạm Ngọc Tuấn Anh,https://docs.google.com/document/d/1wGVCLBv32vWneT1qYJ4SUnevnOcSxCyxZhFOyXKlBFY/edit?usp=drivesdk,application/vnd.google-apps.document
97,Ngay081-P💎 12. NGUYÊN LÝ VÀ CHÌA KHÓA - 10 BUỔI-212026 - Quy luật cộng sinh trong mối quan hệ nhân sinh - Thầy Phạm Ngọc Tuấn Anh,https://docs.google.com/document/d/19iecMO_qa_tZI7wVKyfP0VQcW4UHSHNaSxW5ioMpdlI/edit?usp=drivesdk,application/vnd.google-apps.document
98,Ngay082-P💎 12. NGUYÊN LÝ VÀ CHÌA KHÓA - 10 BUỔI-512026 - Nguyên lý ánh sáng - Cô Lê Quế Minh,https://docs.google.com/document/d/11l6v1Gxi_83EkZEyy3Z8427b4st7XAwijNDSqNEsDP4/edit?usp=drivesdk,application/vnd.google-apps.document
99,Ngay083-P💎 12. NGUYÊN LÝ VÀ CHÌA KHÓA - 10 BUỔI-612026 - Nguyên lý kích hoạt não - Cô Lê Quế Minh,https://docs.google.com/document/d/1tgZcQe-fXLF6MvABRpareFDKUebMopKkg1pGfxKkgeA/edit?usp=drivesdk,application/vnd.google-apps.document
100,Ngay084-P💎 12. NGUYÊN LÝ VÀ CHÌA KHÓA - 10 BUỔI-712026 - Nguyên lý nghi vấn thuận chiều mong muốn - Cô Lê Quế Minh,https://docs.google.com/document/d/1ndIBC3zdHtW6MFbb0K7aLI_KY33PwY1e5JwX8m4y2eU/edit?usp=drivesdk,application/vnd.google-apps.document
101,Ngay085-P💎 12. NGUYÊN LÝ VÀ CHÌA KHÓA - 10 BUỔI-812026 - Nguyên lý nghi vấn thuận chiều mong muốn - Cô Lê Quế Minh,https://docs.google.com/document/d/1QIL1zvKgb6aoPVP-r81PO-0Rx_IhnSpNNdm2wbLdsho/edit?usp=drivesdk,application/vnd.google-apps.document
102,Ngay086-P💎 12. NGUYÊN LÝ VÀ CHÌA KHÓA - 10 BUỔI-912026 - Nguyên lý vòng tri thức - Cô Lê Quế Minh,https://docs.google.com/document/d/1u85be53TKOdBwV3Mebd8KIS_9oG_FCpzCg3ow73erxc/edit?usp=drivesdk,application/vnd.google-apps.document
103,Ngay087-P💎 12. NGUYÊN LÝ VÀ CHÌA KHÓA - 10 BUỔI-1212026 - Chìa khóa ghi nhận - biết ơn - Cô Vũ Phương,https://docs.google.com/document/d/1rzx4XDJOP3dFk9jLuMjx9foVk9qP7HoGyazygnoScNI/edit?usp=drivesdk,application/vnd.google-apps.document
104,Ngay088-P💎 12. NGUYÊN LÝ VÀ CHÌA KHÓA - 10 BUỔI-1312026 - Chìa khóa ghi nhận - biết ơn - Cô Vũ Phương,https://docs.google.com/document/d/1Lwrv9Wx4ROIrdmlxh_D97wGuvEsgLsVm9RUA4Urz2hw/edit?usp=drivesdk,application/vnd.google-apps.document
105,Ngay089-P💎 12. NGUYÊN LÝ VÀ CHÌA KHÓA - 10 BUỔI-1412026 - Quảng bá - Danh sách chủ tịchgánh vác các nhà - Cô Lê Quế Minh,https://docs.google.com/document/d/1OQFPVojsMmKZRFTK2ea15-7LA6HvxjGOW9rHRljg5pc/edit?usp=drivesdk,application/vnd.google-apps.document
106,Ngay090-P💎 12. NGUYÊN LÝ VÀ CHÌA KHÓA - 10 BUỔI-1512026 - Phối hợp - Cô Lê Quế Minh,https://docs.google.com/document/d/1-jH_bYU7b6KYDoblK3TpdakjrU3IRQwEAtBwvUvRcJ8/edit?usp=drivesdk,application/vnd.google-apps.document
107,Ngay091-P💎 13. CÔNG THỨC - 10 BUỔI-1612026 - Dẫn dắt - Cô Lê Quế Minh,https://docs.google.com/document/d/1_DJ0CRuEdi4fjYJ0l_CZC_3-Lyc340kPoSJQXdcCcLY/edit?usp=drivesdk,application/vnd.google-apps.document
108,Ngay092-P💎 13. CÔNG THỨC - 10 BUỔI-1912026 - Công thức xây dựng cộng đồng chuyên gia,https://docs.google.com/document/d/1CLZ7hgE4H2ILGjuOOMSHeNFd2tupYwegjOilgs-fNr4/edit?usp=drivesdk,application/vnd.google-apps.document
109,Ngay093-P💎 13. CÔNG THỨC - 10 BUỔI-2012026 - Số 1 Sứ mệnh - Đam mê - Động lực - Hành động,https://docs.google.com/document/d/1TEOMVc2Z53j2c9qi5FxinsV6_Rr16F-s-VyKTcwG5rg/edit?usp=drivesdk,application/vnd.google-apps.document
110,Ngay094-P💎 13. CÔNG THỨC - 10 BUỔI-2112026 - Tả phù - Hữu bật,https://docs.google.com/document/d/1PfCu0aK9IADLNW6RQCrJFdtJCxn1awFKbadQHrdqpss/edit?usp=drivesdk,application/vnd.google-apps.document
111,Ngay095-P💎 13. CÔNG THỨC - 10 BUỔI-2212026 - Giàu nhân cách - Chứa đựng - Trách nhiệm và yêu thương,https://docs.google.com/document/d/1gxCwSasMjWEq-XknTugX6p8oBZj38eykWtDDk-92Y8I/edit?usp=drivesdk,application/vnd.google-apps.document
112,Ngay096-P💎 13. CÔNG THỨC - 10 BUỔI-2312026 - Công thức vượt thoát mọi vấn nạn,https://docs.google.com/document/d/16ZDv5ydxJIVab59Da_ai2x15Df9XD_VgQBkW_IvtQ_8/edit?usp=drivesdk,application/vnd.google-apps.document
113,Ngay097-P💎 13. CÔNG THỨC - 10 BUỔI-2612026 - Công thức kích hoạt tổng nghiệp như ý trong nhân sinh,https://docs.google.com/document/d/1jRgxcP5dzlabcgEo5h2bjjdZlq_xDSwa7hgXzRTqSDw/edit?usp=drivesdk,application/vnd.google-apps.document
114,Ngay098-P💎 13. CÔNG THỨC - 10 BUỔI-2712026 - Nghiệp mệnh - Kho tổng nghiệp,https://docs.google.com/document/d/1SycITPg1R72kEAfRtuqNEzbb2Uq5ooEhs7Fx3zMEnXs/edit?usp=drivesdk,application/vnd.google-apps.document
115,Ngay099-P💎 13. CÔNG THỨC - 10 BUỔI-2812026 - Cách kích hoạt tổng nghiệp như ý - Cách kích và giữ nhân - duyên - quả,https://docs.google.com/document/d/1Zy1ly0OtvNwmDd3dCUX-Zw2ePXrJJaAkIeBJ_H3yVyM/edit?usp=drivesdk,application/vnd.google-apps.document
116,Ngay100-P💎 13. CÔNG THỨC - 10 BUỔI-2912026 - Công thức làm giàu vật chất,https://docs.google.com/document/d/13J5GLjIFUjK0YwtekPlgI9u1EHMWWl4dKBDRdZK-Wro/edit?usp=drivesdk,application/vnd.google-apps.document
117,Ngay101-P💎 14. NHẬN THỨC ĐỦ ĐẦY VỀ CON NGƯỜI - 7 BUỔI-3012026 - 7 bước trong công thức làm giàu vật chất,https://docs.google.com/document/d/1ofE-3dhTTqohkE2JRFbPoZnr6CqCBGGkuzkJajX_XC0/edit?usp=drivesdk,application/vnd.google-apps.document
118,Ngay102-P💎 14. NHẬN THỨC ĐỦ ĐẦY VỀ CON NGƯỜI - 7 BUỔI-222026 - Lấy quả luận ngược lại nhân và duyên - Thành tựu do người - Cội nguồn từ mình,https://docs.google.com/document/d/1tsfz_GXANClk8Di1M1Itn-FYt1drKPiKXi7m3j4kbBc/edit?usp=drivesdk,application/vnd.google-apps.document
119,Ngay103-P💎 14. NHẬN THỨC ĐỦ ĐẦY VỀ CON NGƯỜI - 7 BUỔI-322026 - 9 dạng người,https://docs.google.com/document/d/1kQcATC3Sbbh47PBWci7Zf9dVfRB0k2f8as8MEW_wPH0/edit?usp=drivesdk,application/vnd.google-apps.document
120,Ngay104-P💎 14. NHẬN THỨC ĐỦ ĐẦY VỀ CON NGƯỜI - 7 BUỔI-422026 - Cố vấn nhân sinh,https://docs.google.com/document/d/1otLSkA5113q_WpXaBqqaZESjteUhSrttUoRs71_kRMU/edit?usp=drivesdk,application/vnd.google-apps.document
121,Ngay105-P💎 14. NHẬN THỨC ĐỦ ĐẦY VỀ CON NGƯỜI - 7 BUỔI-522026 - Quý nhân,https://docs.google.com/document/d/1sKvYxMa3-tCL3Lv6kWUkYFyp64DMn9IT4nB5YW31RD8/edit?usp=drivesdk,application/vnd.google-apps.document
122,Ngay106-P💎 14. NHẬN THỨC ĐỦ ĐẦY VỀ CON NGƯỜI - 7 BUỔI-622026 - Nhân mạch - Thần tài - Nhân tài,https://docs.google.com/document/d/1UneglptJOHImUrGXGB0Ldls90qCGM5njNJNHnZ8kyqQ/edit?usp=drivesdk,application/vnd.google-apps.document
123,Ngay107-P💎 14. NHẬN THỨC ĐỦ ĐẦY VỀ CON NGƯỜI - 7 BUỔI-722026 - Hỗ trợ thực chiến,https://docs.google.com/document/d/1tWwoN5GTWr_t4aCPgD6dgbW6Kj8ZDa6xplfwh5Mav9Q/edit?usp=drivesdk,application/vnd.google-apps.document
124,Ngay107-P💎 16. THỰC CHIẾN OFFLINE - THẦY GIANG LƯU NHẬT ANH-722026 - Hỗ trợ thực chiến,https://docs.google.com/document/d/10bxIKrgx2u9KFol6UfNZav1XTryPQuq166JweY59_2Y/edit?usp=drivesdk,application/vnd.google-apps.document
125,Ngay108-P💎 14. NHẬN THỨC ĐỦ ĐẦY VỀ CON NGƯỜI - 7 BUỔI-922026 - Minh sư - Thầy,https://docs.google.com/document/d/1Th5ldk8deRz2UngsRRYxeOhAIaDkV9chxwng0Y5jpLk/edit?usp=drivesdk,application/vnd.google-apps.document
126,Ngay109-P💎 15. QUY TRÌNH THÀNH CÔNG CỦA NHÀ LÃNH ĐẠO SIÊU PHÀM - 10 BUỔI-1022026 - Tổng hợp 9 dạng người trong 1,https://docs.google.com/document/d/1kHHL_EgKudlFyKJ2jJBG_He1bzLCMrkNOiBMtccHbX4/edit?usp=drivesdk,application/vnd.google-apps.document
127,Ngay110-P💎 15. QUY TRÌNH THÀNH CÔNG CỦA NHÀ LÃNH ĐẠO SIÊU PHÀM - 10 BUỔI-2322026 - Quy trình thành công của nhà lãnh đạo siêu phàm,https://docs.google.com/document/d/1pg9-fsrwrqa0pp-y5g9Ij1ydWglC3pdPoH_4t043Ydg/edit?usp=drivesdk,application/vnd.google-apps.document
128,Ngay111-P💎 15. QUY TRÌNH THÀNH CÔNG CỦA NHÀ LÃNH ĐẠO SIÊU PHÀM - 10 BUỔI-2422026 - Kiện toàn nhân cách,https://docs.google.com/document/d/1i1sPrL0_OL2w-nWUPqiXF0oD7wEIjksHR3c2nAGRetI/edit?usp=drivesdk,application/vnd.google-apps.document
129,Ngay112-P💎 15. QUY TRÌNH THÀNH CÔNG CỦA NHÀ LÃNH ĐẠO SIÊU PHÀM - 10 BUỔI-2522026 - Các quan niệm chuẩn - Tâm thái đúng - Năng lực phù hợp,https://docs.google.com/document/d/1YaM75fTbl5ajmF4GmuonWuljxwDmH4K1DnFkN8IU8m8/edit?usp=drivesdk,application/vnd.google-apps.document
130,Ngay113-P💎 15. QUY TRÌNH THÀNH CÔNG CỦA NHÀ LÃNH ĐẠO SIÊU PHÀM - 10 BUỔI-2622026 - Thành công - Môi trường - Kinh doanh - Xây dựng con người,https://docs.google.com/document/d/1MJBMYm3D8h7ieDhQFD41JqRhpK4rKSEOI66NxTha-mA/edit?usp=drivesdk,application/vnd.google-apps.document
131,Ngay114-P💎 15. QUY TRÌNH THÀNH CÔNG CỦA NHÀ LÃNH ĐẠO SIÊU PHÀM - 10 BUỔI-2722026 - Chia sẻ và tổng hợp kiến thức về quy trình thành công của nhà lãnh đạo siêu phàm,https://docs.google.com/document/d/1Kc8Ar_oNMTtou4Re1GvrwZ9Efxa1wuGWTq3ntM8ZviE/edit?usp=drivesdk,application/vnd.google-apps.document
132,Ngay115-P💎 16. THỰC CHIẾN OFFLINE - THẦY GIANG LƯU NHẬT ANH-232026 - Q,https://docs.google.com/document/d/1FFhriGZzgE1zUoLiXTPMtgH9_XcjbowFw-57LJ7fntc/edit?usp=drivesdk,application/vnd.google-apps.document